Labels,X,Y
AA,40.9632920898996,50.68573786155032
AA,169.6619239103886,161.053489484973
AA,171.14004197463044,249.98277336881142
AA,164.0291050113034,190.31399945770627
AA,46.8743283196189,227.11832749262874
AA,229.60404801238778,128.49463611597054
AA,182.49510902511165,158.93222771272326
AA,295.5348778575703,70.49282703829266
AA,199.99484116410014,35.622442543647225
AA,127.00040908466772,94.84074432736364
AA,103.93251154583709,34.36751109194376
AA,280.85043689185187,202.75834037007434
AA,65.71624753177798,238.39230129780103
AA,11.899082333066445,76.20205558250112
AA,245.54825537745631,38.13327413249564
AA,188.89593481092302,292.21534363970596
AA,266.69332047949194,182.07003196398105
AA,304.5847798757402,14.350397586964805
AA,147.799598365352,61.38789942549203
AA,32.624542657957186,23.365366036529984
AA,269.466726819518,219.6889561822626
AA,278.3268650846526,242.23056480781736
AA,158.51209258210855,202.0267677600498
AA,221.63353696493303,313.3598441874471
AA,220.60631758545938,217.42351645257764
AA,23.056696718653576,150.57670215051468
AA,55.12705894909887,61.23413802529923
AA,136.44281545421092,104.99188705183703
AA,137.05205077042223,143.96394209672292
AA,181.65106164629856,227.2937208317131
AA,222.22217390137493,272.7250218895776
AA,64.64783064445118,169.0936803065856
AA,89.53985136168967,300.46997612074796
AA,147.36809479588493,52.408737160201525
AA,245.27449743745797,183.51206807430742
AA,151.030974897374,250.82994529127225
AA,194.59726237674457,286.1394217621351
AA,305.29179683631014,105.95150304384131
AA,212.78638140553613,299.33572237672746
AA,43.067721996110556,22.67180672346135
AA,2.3152372355362565,6.457756466714564
AA,84.50088103319509,183.3474778540954
AA,69.50285714972912,234.37291950496945
AA,68.31360392960613,72.79912132543325
AA,287.3579986259268,85.42027433885397
AA,45.493245966022684,71.36820045360106
AA,199.19501978465692,168.82339554987846
AA,16.294006543806724,255.2831006002495
AA,255.1152245460987,265.84077583214895
AA,294.2963082938654,298.4201357853454
AA,58.3219105794841,145.70983297267261
AA,261.8045107463217,188.4419359311004
AA,90.2323243399345,19.546397379282723
AA,163.98282787200637,169.54762315231136
AA,85.51904017436681,142.2873164531667
AA,115.27265778257532,49.47026488482104
AA,100.91058034344073,242.93522932420075
AA,2.618950266102847,258.5826336605661
AA,225.16678754331858,31.31291095335033
AA,224.5511001731045,134.48145703787384
AA,137.50364820339783,68.04890903283837
AA,246.82053944546024,42.495049256173175
AA,139.80334577222533,209.95977416284967
AA,129.66280195707077,287.68991945114254
AA,57.831886266407516,49.04364878089302
AA,185.2657097238384,102.65108212490128
AA,112.31302453617808,176.725735808312
AA,126.82107622789556,20.008927139371742
AA,195.51574587204843,180.56733052764073
AA,141.28601497370718,245.44294276881598
AA,126.11850027914375,174.21640964527717
AA,169.1778894168151,257.38143270285093
AA,214.82335536464078,254.94049933376243
AA,209.8973701533516,308.7779023229797
AA,274.91257810560353,55.89532995269953
AA,266.047120735085,53.0676457733285
AA,296.94810044199716,180.44062566338079
AA,260.15439259558883,55.02343030731274
AA,5.655230327024624,256.4930418705376
AA,27.188420849029583,269.8416971000406
AA,33.75738661808903,73.30019776436771
AA,222.88879506940594,271.0329331732261
AA,26.313441697926688,139.5218191713179
AA,282.1713276494643,240.90899174763894
AA,45.99568707770717,81.21541777898969
AA,157.25658464405998,109.20446418601463
AA,64.55173188697432,68.63202482781018
AA,139.43465556584084,254.23947804217156
AA,260.9134303263698,167.3409000689862
AA,278.035839147172,242.85923061124362
AA,78.33355698200354,249.03088377610388
AA,240.4799751998941,42.41620130970295
AA,62.686233082988494,248.9619580123967
AA,8.590576773676217,28.478844045477917
AA,139.14945684429927,211.41815565496978
AA,70.12660721862055,77.96909612716502
AA,297.1320409942739,128.71163282925812
AA,228.47138307263708,157.40512721641613
AA,300.8472215369438,134.29416114783672
AA,279.59353491241484,8.721565863021551
AA,14.842713270040546,116.24468306622371
AA,146.72485018473358,256.46242401564365
AA,103.71444288424355,198.70056620861158
AA,220.55734692419145,194.8849022958386
AA,33.40926775909787,50.59450338193658
AA,211.67848296356183,182.05325520463927
AA,201.003369832117,37.56887757886858
AA,314.0959605503082,151.92690028783025
AA,300.2614104239487,177.8049689405492
AA,71.10554955426832,240.98182394499995
AA,244.02815311321274,137.09918353910595
AA,314.86626227540285,248.11130599470133
AA,171.27981006844672,59.77499071258573
AA,274.28472772495854,233.7446220222455
AA,102.39562835227837,60.339300268845655
AA,232.81081293068408,99.9244692079848
AA,266.7655134026469,9.35369397474804
AA,129.00976825112073,73.15897287457234
AA,296.7698921590046,37.75909195626025
AA,291.2504008653986,105.74525284363538
AA,219.08044749909922,213.4577616930194
AA,227.16976534273252,54.813425857395806
AA,204.77619770913688,123.25407588504484
AA,111.60432351707615,308.82859738282906
AA,10.22062960106079,170.71267452555978
AA,244.87086990161208,110.78483884309365
AA,267.83869950255365,137.0298540024174
AA,264.0454479267153,128.32659104798827
AA,21.582894279081817,187.1448985009301
AA,127.60351973345975,225.50223445689883
AA,92.59328913948671,138.66679664500543
AA,207.5062232850777,21.459956125202126
AA,241.02536397126295,108.40475165344313
AA,289.10302528095565,168.7382093642497
AA,232.07101104603686,210.83456467478223
AA,267.76156397612135,110.01206184846059
AA,173.40929786972384,208.1545185974984
AA,262.6665462911057,304.0693062809801
AA,256.4926446616447,34.09445460534374
AA,220.54205032728876,44.48001136960887
AA,38.995571736982384,280.90346602313065
AA,234.97160526898466,183.75141162897106
AA,35.83560343081043,92.47187140163773
AA,82.8616140153115,64.77466240836343
AA,74.2631289040353,223.6269837198312
AA,305.2712895690123,30.771800702784873
AA,269.9444704555604,315.9941516351576
AA,143.8122137952242,270.4449417135493
AA,282.27712049681327,81.48869971353224
AA,303.73177841911956,77.60875912351126
AA,257.8496658917745,207.96292615233608
AA,253.3012278906154,41.934232200867704
AA,268.07936959462523,260.30921793389876
AA,187.3159541390037,52.645196994307604
AA,224.73675458621665,89.73439255235057
AA,168.95570264334586,259.3435355610213
AA,225.05516675235464,185.2335981511511
AA,146.19699039551537,39.65297744468895
AA,107.6305527043137,225.67325329630867
AA,186.67611815636738,22.861104849071626
AA,156.19611433356607,105.89765222439574
AA,102.63980529227885,143.0975556337856
AA,182.09725084850302,157.67042332760204
AA,160.04535908010624,260.32328867418767
AA,1.5174423029604873,66.25862657985607
AA,72.30249108215008,65.4415082413723
AA,21.682427949751784,295.9450726198949
AA,272.15424673779705,47.6732742597248
AA,14.796066819074326,10.399532980380084
AA,262.181279261698,310.413502036072
AA,221.26228843077308,294.09028519283225
AA,48.6675280551119,38.905914033549664
AA,208.60592394959585,33.42776087641772
AA,23.63443754822074,50.985975400823385
AA,302.49947653704635,10.132873256085777
AA,200.75663478845112,97.8000857852671
AA,151.7120674876439,241.84154492004123
AA,212.51187485311823,42.77737841239665
AA,260.0007676342045,100.37623484982929
AA,146.57995696856216,229.49976450411788
AA,26.118464460423393,179.2310071690559
AA,71.33288553581396,38.469655493355745
AA,64.00409267470555,35.852339550954156
AA,44.92028498845683,39.262135674245016
AA,111.22771852333823,243.91645160792626
AA,294.929858712893,309.77682022166994
AA,14.888536268836855,195.4881741097652
AA,310.80688940531587,103.9183927480448
AA,19.81557509459329,142.01964136710643
AA,191.47382065529075,77.30396838565888
AA,284.3842998102077,59.583828702323984
AA,223.67225449606715,200.21173698022218
AA,261.868529850793,20.0804331168234
AA,216.52835269002532,162.35770159008314
AA,268.83832269497026,216.85175705741773
AA,313.4035071408643,226.3425570732364
AA,176.99475682882232,249.5917160295742
AA,243.20145155572672,291.2291531278307
AA,112.85677660358402,284.3345979979887
AA,51.00806341408964,211.3148374315751
AA,10.076377193259866,37.34917788338104
AA,190.83590045797914,113.26385849535582
AA,41.41075167982696,35.80319102529592
AA,108.0549613492451,95.3747564315835
AA,262.74984745193376,136.02973034934078
AA,104.65789199704086,238.50745070096224
AA,305.1199177467039,147.76773128767783
AA,167.8135806022003,300.95145719150827
AA,223.61350291935594,31.870801715424136
AA,168.59790555140086,97.08368011053935
AA,101.31684890446469,113.1355691189082
AA,158.09952378221703,275.0715644503014
AA,272.40001835386397,87.79726605006586
AA,206.87558344806706,63.525083249090585
AA,235.67162707770763,238.62360861518033
AA,214.6632965467669,244.91631226198282
AA,281.1339759212464,315.57223514930376
AA,58.77131971667036,266.7498444890918
AA,174.89929559861355,53.00603131890052
AA,152.69572014997223,208.23952339067787
AA,292.98556512141084,183.58867687954657
AA,303.8043671311132,218.71035043995494
AA,20.63010178349124,287.9378749009831
AA,296.44167820763033,193.49240192830598
AA,185.10660314893445,29.87263101596705
AA,199.17241388157976,2.37696719540779
AA,281.52717607041075,49.03141577207206
AA,211.93924615785906,147.68251229070077
AA,65.0237452084331,279.2768823792788
AA,202.40684249466088,239.295580648746
AA,208.36372476623077,180.6695042284177
AA,256.3482260417834,21.68656988182029
AA,21.690063286740966,42.95853692977223
AA,250.37821507124465,91.27871222904281
AA,19.39750114166144,47.847501288268916
AA,106.84566399435103,82.85420825097802
AA,225.0271405041214,256.92013877939826
AA,216.12157477375513,217.13923729798225
AA,63.760952018286815,90.46349832058779
AA,75.03389509088063,155.73756952218693
AA,163.23863318358903,258.5778327807916
AA,70.65263213800458,269.40532216250426
AA,304.6826311818766,255.36700410736316
AA,162.94949949792453,158.4540719649841
AA,180.60905575683708,300.7483222035292
AA,56.71828447001953,244.54323656546472
AA,92.95037837397902,254.87354828784206
AA,214.72500450988147,1.5088149096721022
AA,204.98734224224435,112.73144530591941
AA,197.68253910015645,17.50406339890562
AA,181.1847960693409,193.09438142491956
AA,208.41551253657775,214.7065332755385
AA,315.8551869357557,202.72055083147262
AA,147.9128744350526,261.8615491533405
AA,199.52774009543296,21.654716580733503
AA,214.01449749154926,59.30014052370608
AA,243.13859503383762,179.06263245498448
AA,167.40610703761496,146.9078391696921
AA,87.21749469506253,223.75346029647451
AA,76.89065096814086,94.16671072824236
AA,25.008842827120517,147.74632259785832
AA,210.37004536716526,101.81330871345308
AA,39.517770699039595,145.83393462669403
AA,310.2760476164713,43.50855346910382
AA,281.44823413336496,241.6041979693263
AA,267.752291432997,148.58561177145097
AA,151.69332747351507,113.91553086532888
AA,215.20418766077938,17.589097921722114
AA,85.56955485559463,196.89996780075552
AA,313.2345414586461,306.7774162418887
AA,164.87467849336105,242.4264311422032
AA,300.374012399549,21.22746389012361
AA,79.83422911295338,151.8168546845788
AA,283.31969096653205,226.85381011202003
AA,158.7434677662217,291.96834825106407
AA,273.2210394314208,174.8992111030281
AA,300.311790995473,35.894343252964575
AA,30.856153956781128,114.96475517533098
AA,78.65715237196919,261.99905547786545
AA,135.45040676589187,85.88774752516386
AA,308.4356523559902,8.451633096860286
AA,125.91941332055633,222.53266799195833
AA,233.24973290897128,62.937335491221184
AA,106.75476005159467,243.82184773951974
AA,212.36944411599313,169.14555010382364
AA,29.413805557243894,217.36667265759127
AA,247.95887301756466,181.08908572315184
AA,138.39900445829215,251.58789307799415
AA,244.9031360138542,288.01729869790114
AA,274.5587959586437,312.6192395744785
AA,141.19193906618676,48.37799924695003
AA,225.35909969945197,63.487224878499795
AA,99.00588504098802,228.91467644526796
AA,276.3305792756331,145.18350255211075
AA,257.09395460550127,138.49038988411317
AA,307.6238587489661,134.17491450827347
AA,199.97984412861345,218.26381916497132
AA,186.25945647629908,202.02227569341798
AA,124.97197177372138,140.55994963309982
AA,233.89608403112976,242.25113661511097
AA,94.10519534767666,81.09980487606433
AA,28.24528342502554,236.78126009693867
AA,16.09040488649039,182.85918099945906
AA,264.61692929776444,147.92522143168298
AA,307.50694523109763,294.6731841261696
AA,120.56093276985249,118.28402986515756
AA,313.2924750179139,247.43546082042258
AA,157.76229122624622,71.12525262442975
AA,202.7721780531839,101.6439988077107
AA,87.49911527698089,131.40921261743392
AA,79.81814271575152,160.7586919954531
AA,28.25120933310015,148.09507845445387
AA,13.858852006748291,53.52107192808605
AA,314.81694707173887,251.51297862050802
AA,310.77868201290795,76.45302533335109
AA,153.6677298338626,106.5617960734891
AA,197.88871924777797,312.92675781546507
AA,10.793296779551024,309.09627632327994
AA,235.64012676187428,293.6069853944148
AA,239.71109644231234,256.0801786613119
AA,2.8618697207384307,299.82748750108345
AA,115.55852570287999,312.48990590903935
AA,287.41375875407954,262.8465028040751
AA,142.76802377812538,174.27447910986515
AA,231.6987551536264,36.54263887951941
AA,114.16123332089936,232.20205132310255
AA,164.20892235779968,173.54915431948754
AA,132.6675747810794,240.08681891614998
AA,213.65164686342888,57.08245319003055
AA,198.5921400463584,193.68118500139812
AA,69.58370039898983,224.40472482363194
AA,230.25041813794675,95.47809343401515
AA,71.172979568568,81.73027345079075
AA,197.55301587939948,289.9811242462068
AA,96.79528160925373,152.01850919111627
AA,110.71435986059431,305.33601625005383
AA,177.9431937187143,276.99638953302394
AA,206.60305934867927,213.10432444713044
AA,94.85191210175294,135.9857329221419
AA,119.60775668046442,90.25627834374326
AA,136.46158932940833,63.95637970444182
AA,136.69003077381106,104.26222799067972
AA,48.9312916665616,170.88800213642503
AA,67.15139473052191,190.54787865484863
AA,56.89286174714509,91.65051994104826
AA,247.5087098884211,49.77542559541416
AA,104.55420379500673,73.27159644452908
AA,296.0507130190326,10.222623331999838
AA,267.1353018537611,265.1144500592746
AA,99.40191565678498,146.22923088057146
AA,206.1106623734273,3.324341434314287
AA,41.24278896612465,174.90806914603337
AA,135.35773943991998,31.086640749087323
AA,5.8884416861391475,264.1061341652044
AA,144.5749057905527,265.96532573322565
AA,185.74252119998133,149.4296851749271
AA,54.41020515709201,248.67231697633807
AA,140.0513122535624,3.4945667021910194
AA,261.9326716322833,115.93649746176115
AA,15.644699480901792,119.20498077614987
AA,55.892418687895805,250.99130944369628
AA,282.4553322932128,152.07986861764783
AA,281.837368550456,280.6903817591037
AA,67.06631499304606,116.60354701161185
AA,264.2447327501064,21.54319578421106
AA,27.66806961641545,258.3108253563822
AA,177.33358075431426,287.0490869569335
AA,41.89859558304432,162.352928128481
AA,115.7461021240867,230.41386793046667
AA,38.36769213780676,304.07277190698085
AA,87.9390946516611,96.08647220911566
AA,312.3879589745926,3.908829763236434
AA,186.6055550132175,285.520887302585
AA,197.66506493516914,250.03951686156583
AA,227.9453326578399,20.4626301364595
AA,298.0044398836155,52.75124810029127
AA,125.2872651836118,307.05261805166475
AA,155.49008969246128,188.36420804376402
AA,29.190017428918427,165.8890502524373
AA,80.81245409885021,80.45263888221317
AA,112.1406550464207,243.85729081240072
AA,126.43432371760952,179.01193132286065
AA,206.12035290562508,274.7724271894759
AA,115.39890031655281,57.11697369411903
AA,116.2658193996923,128.44788376209453
AA,201.78398399945604,205.73551788817005
AA,129.51606904264622,172.61492527289573
AA,236.32801628128934,306.9551428339416
AA,156.10389637178577,124.18625763141335
AA,69.7962585167961,251.39869731706656
AA,55.7497094847943,286.96962555395135
AA,61.22584660663479,146.8384229572289
AA,30.976459281675922,219.91892283703712
AA,315.6000597169355,118.60457449965351
AA,34.85075035871009,112.90835153608423
AA,160.03015887749177,142.9181132658174
AA,28.97854748429814,197.41950857965773
AA,282.282244173757,144.55964388394128
AA,158.7963211899024,258.10680804616874
AA,229.1808641596558,305.23219196892325
AA,143.53517766913123,214.94321907947185
AA,289.9808510302976,131.50589647042116
AA,149.18594192307393,137.14962341552462
AA,108.45728588397918,307.8093322429857
AA,7.123444591989017,117.65911734882386
AA,309.94437787037054,213.19989536835917
AA,296.05506592590024,19.620172757069373
AA,283.9499659245522,66.1718919846029
AA,237.78440132384165,190.20612589302806
AA,161.26611771576654,83.57795532334892
AA,71.19288168487047,24.66994584704089
AA,102.09342582273845,118.08535019471367
AA,80.80836097485229,54.061782090711496
AA,125.05254913674722,197.2756679172264
AA,294.92816168919256,145.15926637520099
AA,5.015694976717144,29.913000795296917
AA,168.17859435383633,174.37308361553065
AA,44.06162244701974,50.564621218337564
AA,58.494727607971555,64.56715373308937
AA,37.95675484869191,81.32565030254088
BB,276.5294357728094,271.295863967234
BB,131.47598829612232,21.240301805528613
BB,2.742009764690241,135.42614101440927
BB,174.54257904341745,90.52573499781919
BB,121.21919292625972,121.65437486478992
BB,126.9310285803642,58.936885086097725
BB,301.2458257102759,79.89534904261059
BB,167.9670935574273,293.3489815466862
BB,110.61294983462764,175.61955090790502
BB,48.96409215808748,253.28855988546994
BB,289.942995450073,38.328823146636196
BB,269.94562918015356,73.95717494852849
BB,275.16291635312103,4.822176068386427
BB,239.8241708118748,155.79659724204924
BB,19.01548751086721,121.01682695138558
BB,90.74620057929137,270.87498717747417
BB,192.71476714843627,252.19577076822048
BB,312.4779257981407,231.18370438394635
BB,121.729484573993,246.00741043118677
BB,4.618815948922874,62.14535245037706
BB,102.50462169668181,167.448647003266
BB,268.11894975239886,135.6245923767334
BB,156.70158835232036,293.40051808523515
BB,238.76818145454004,286.7159480896295
BB,93.36838931628127,265.9023597455046
BB,114.65787992145681,300.85548725310764
BB,37.83479596273932,277.0715405562704
BB,79.4683124408233,204.3775202274974
BB,111.83019995348917,128.0796939238773
BB,43.87522727007612,224.13919350937888
BB,200.66298848003726,253.03867234237194
BB,5.326495610400611,17.59853281194932
BB,133.88529030175917,169.0055711102004
BB,59.59479413474597,255.61860280120015
BB,286.8699973309207,210.097547286826
BB,20.68613227293842,64.57494616292186
BB,287.822162259954,10.35709739590245
BB,81.30388308812505,12.217818186768321
BB,270.22977965971774,270.90472499025884
BB,51.20709369814254,43.51925076145994
BB,130.25035892043172,309.29599874910036
BB,145.9730431094759,241.05851607389295
BB,77.31767146038119,291.57505885090023
BB,178.0754517584187,211.72302006289232
BB,143.22290596858977,141.82023758299607
BB,101.44476106850794,26.94572360707191
BB,189.03367342240395,189.44292652213196
BB,91.21417524353951,141.75381304040718
BB,127.6379710860377,109.19441141285394
BB,258.86641008577857,196.38293160423538
BB,240.85123449142,172.03943172075725
BB,75.20711001588391,291.9204891098745
BB,197.22915428190586,80.86413977830924
BB,188.9751294375567,120.4995198127155
BB,203.2371635246563,16.97636388622312
BB,73.08425975676732,119.03299960709342
BB,275.7971994908671,230.09496515816278
BB,62.16565293199448,168.718464358558
BB,195.87957848436247,91.29502748600379
BB,167.98132560958368,212.72497501122697
BB,88.77762534300322,121.14782539665032
BB,145.00892852820428,154.11901826612979
BB,164.949624495611,198.53327023172818
BB,124.90376903082985,0.31409109523769985
BB,34.142702565816535,20.351706768382016
BB,12.074440722843601,305.1181650526778
BB,219.4105334611563,145.95287342913434
BB,257.84780955069033,315.44499343905164
BB,277.7839387426795,196.496325095642
BB,294.20829789856947,101.42739428942075
BB,128.4770809894208,42.87218408852013
BB,35.720597021980616,155.30712832872598
BB,56.051085773186344,159.92004344258802
BB,33.63822065683935,304.7710715850155
BB,259.8820725333628,310.22864790768483
BB,200.84589088110405,52.740069305731105
BB,231.71501878240707,17.25579391578534
BB,315.69961548825347,148.81269993966882
BB,49.573183650748845,305.18995352966965
BB,148.714986723998,234.99230316315231
BB,112.89445449777462,15.701764607149938
BB,142.41041937493912,202.52765434188208
BB,70.1338320124153,295.79955872619496
BB,197.93308285136166,286.6037229010317
BB,233.38498733505858,259.7255317042398
BB,10.28380612233034,165.27915856921916
BB,311.66502494930853,208.3051344706559
BB,239.18105158462453,108.10734942435113
BB,263.61731897538067,207.6014643546357
BB,136.63994881698102,234.19643689390986
BB,277.0163401104749,64.54258347357779
BB,88.88295602773036,65.53197647368775
BB,189.65958092187898,255.56498471187138
BB,251.1049235095109,111.6270012802333
BB,223.01631924473332,187.0660936091177
BB,104.39349010659761,185.1057079077742
BB,201.8883877417068,292.68658033761847
BB,303.1723944222696,177.02636202751265
BB,203.3099395458162,149.56620762424052
BB,262.64655917351945,227.51355087365903
BB,48.533571099238316,121.65923943066015
BB,141.21144740132942,71.49615204327115
BB,163.83010243664148,252.6780098659712
BB,196.04925057389264,207.21468193202142
BB,146.32653919942194,261.90027102136344
BB,114.02340675212982,40.20838607609471
BB,38.921604971403866,20.133964825778495
BB,46.83767589189029,137.37051059502522
BB,182.08106803268586,38.3566537498455
BB,88.69613991499665,235.62530351343307
BB,118.14921436494278,178.80848923336885
BB,24.078024818712898,246.4505099786658
BB,239.16963105135983,288.1234340638501
BB,257.89827221351004,242.80976157640265
BB,72.76365300909549,201.72293118237315
BB,10.699017537191684,100.85274906599452
BB,177.93725877918158,222.55211883082848
BB,54.47685215542952,258.07381316935107
BB,252.453181949889,286.76658618098014
BB,276.52242449623316,97.17926466322118
BB,53.76641525605848,35.33164448957574
BB,130.49486844315433,219.1564585833885
BB,298.0647516880708,186.92746233643447
BB,60.60111507374603,299.0219633563576
BB,237.61275954717712,41.07595910435324
BB,270.4694282228044,216.81694353455845
BB,240.5937887622468,315.7522270216763
BB,175.17310225175328,91.91934641744396
BB,155.51522472568664,166.7134718596461
BB,59.47906423373322,117.16569425644222
BB,82.90106910159075,163.81376027780698
BB,25.000947990256687,246.26764975207686
BB,252.73952708212394,66.14711418649787
BB,310.2954627959555,109.31611773096166
BB,200.0002559283138,132.81934921252815
BB,53.65472989622782,134.11460840231118
BB,29.216961534431107,54.49418943498797
BB,245.55932149563824,19.912869326631355
BB,55.89838663094163,169.8411794506347
BB,205.3721648333688,86.50156698258677
BB,68.10340199310251,146.5675140052133
BB,24.07734379068308,119.9281281855387
BB,4.547133133184612,314.7210552542569
BB,154.1042806969495,313.4511352194554
BB,181.63390634343548,12.236375021660793
BB,84.57811573952004,41.80293068644239
BB,160.92760819797851,223.38692969403488
BB,167.6475475817712,235.38509399854715
BB,147.94765789441027,261.77377271528536
BB,173.6475271130365,150.91248861432345
BB,215.20256313819513,114.39835064550464
BB,136.21734471238966,150.58894814914484
BB,107.38492369883654,117.09264288317888
BB,310.2076468109704,94.85739951765139
BB,127.74976359191467,288.5310952560719
BB,97.03477311568031,264.5149685720331
BB,87.74613459476839,237.672487853302
BB,43.60539054627305,83.20647032790035
BB,50.32915492772932,61.07941637130379
BB,83.08135962266894,80.60260824801878
BB,152.75677139492808,35.17335811218753
BB,276.3144990600436,255.68097350715138
BB,21.84301088566511,131.9970713441368
BB,94.42911824391223,282.0443467305108
BB,293.66870354905416,158.86209204041958
BB,95.61513183721168,203.4819688948741
BB,1.0237920666493867,86.00141298247881
BB,288.0280631703184,200.5276536737339
BB,200.46542301459942,119.63523415664221
BB,304.11542518014573,18.308236675293525
BB,5.551310179684558,189.6636715755186
BB,16.189986975962544,44.48441675458745
BB,185.81492775081816,276.64987354898096
BB,1.73968045090125,273.7394486191542
BB,145.74611326700526,13.079204135042554
BB,261.7876853713938,196.56007134382293
BB,130.56865031549168,233.95973884428645
BB,90.04078941808157,90.32514038466662
BB,280.72698973421984,264.2326668087384
BB,189.50641254593359,153.8077896454939
BB,12.487008275890428,84.30584745052555
BB,163.2495233810293,123.24147560263039
BB,215.63227910711413,315.1528756688578
BB,192.98458577663135,158.04998618023978
BB,155.6744619936564,276.82619725431215
BB,46.14444662747352,113.08124663128591
BB,249.11830440036337,301.799875764926
BB,41.7321161007506,285.84068825513157
BB,150.25227980215348,109.39816680137031
BB,178.0636581839642,151.22994229357775
BB,87.89721322070436,286.3632540224149
BB,162.21429248724993,57.47530588305714
BB,29.004482801520485,99.22266783151166
BB,163.192200231764,147.77725775015745
BB,21.56887479035971,198.90025196777668
BB,223.48078080292504,80.44134386782801
BB,132.95680582784726,17.95056029336771
BB,310.242098760045,124.59537455348165
BB,257.21068634832795,174.0282523578924
BB,89.21529300233783,280.8518136771698
BB,203.04222583142436,187.92211274077877
BB,162.7672044944575,295.14817552914354
BB,235.52224345047887,72.76681400058811
BB,274.40505827872903,186.68777337182948
BB,233.5846156076677,82.15564818611008
BB,129.349286055509,256.89168191686036
BB,224.97633763043606,231.03851569769208
BB,238.86511770660348,88.97548658798502
BB,95.98783939103461,222.29821562070046
BB,160.7550143856569,183.58574582641847
BB,220.7451088199621,212.72117282316844
BB,299.7488383532351,306.3325741928504
BB,218.830661841278,94.53001873515947
BB,18.142590766966585,7.962346776607388
BB,70.2074287191202,35.03361844792303
BB,133.89078429790706,114.13221753750366
BB,123.7541253519591,265.1517612090458
BB,47.965132855508244,169.57373238234305
BB,126.30437765539519,296.65547370297986
BB,208.9011700185089,237.15533236655077
BB,310.35089593949954,15.277941598406859
BB,72.67105269994296,202.02432608565698
BB,152.14363970595977,206.29791798390264
BB,194.9946277605557,189.80127392255477
BB,290.41336054811904,85.58856397590301
BB,121.6292773462048,311.74051985649714
BB,158.34875806913428,129.5498572844157
BB,238.22609762231775,173.37568652143577
BB,148.02154952445667,131.0438408337348
BB,101.59802691546247,22.815392903912766
BB,8.69957111012437,171.56891801952207
BB,219.10790061917555,178.19574303631168
BB,200.57024241811231,244.96111822612912
BB,64.93768123972062,222.39770799009068
BB,67.10866716733553,107.74896184604424
BB,58.13920464522207,123.85503574481729
BB,129.3868201086558,245.46697216926725
BB,101.80100805792715,233.8480755859383
BB,24.134359648913634,116.04667215182172
BB,40.95692540860674,241.22963731361673
BB,44.44824157367316,235.26677068841732
BB,40.335905342467015,284.6811001756411
BB,269.55750864008064,239.8014425698001
BB,213.16122261453427,221.21493903111127
BB,217.6222634243621,77.58961435561856
BB,68.26427907322949,183.59836045260525
BB,304.2779880663398,80.19965978378512
BB,172.62016871468836,202.78405897658064
BB,226.27267363491694,149.75968552168302
BB,109.13901782012718,287.9367604389998
BB,204.08708589344428,215.35266963980675
BB,140.02904189029047,84.7598995847256
BB,111.75189215306351,5.605064755819674
BB,119.22380912831487,121.38190052724583
BB,205.9744159643869,51.20502490771588
BB,178.99959192750575,86.1250149043428
BB,298.6037364372119,11.595745047638587
BB,19.021018717943665,21.291195356452647
BB,117.70386431033857,271.69104412714745
BB,298.9762334029222,283.73355350922134
BB,286.4910453641346,32.1831956806933
BB,16.43338852518304,143.5181049184772
BB,136.55299861265203,5.0715141852406145
BB,306.2690943706423,86.05693897364927
BB,162.5922683558457,5.572721501734062
BB,219.84794155133022,118.57069243488638
BB,286.1200208847472,57.41174249117234
BB,195.06380930920176,181.00544952326277
BB,35.98276500169645,32.93525530834719
BB,139.86233901678688,160.18312802260402
BB,114.7782317237031,33.33396562186305
BB,112.77760281728982,312.0538734303985
BB,86.33597205858821,119.12607183070642
BB,276.7700905284781,182.96232681265576
BB,117.30920748334243,81.76484446731186
BB,159.5750740596027,148.3866920681225
BB,25.213271278735718,120.37460731775586
BB,61.99387641812568,294.8143057221921
BB,223.01793139490175,235.30523458318436
BB,160.0003279870813,232.03733806553888
BB,168.72476382417548,104.7046873321019
BB,74.97757607280657,107.38245003215486
BB,84.99631374433338,8.342035433986593
BB,252.99270472343576,273.23687764510044
BB,198.96740985701328,16.05130339970338
BB,217.9022431818995,212.23623199503908
BB,174.40233498104988,46.75981688690225
BB,302.9039272016867,83.86985076780066
BB,206.35014435433862,145.0730158144828
BB,234.29178155642794,74.59250169517819
BB,77.88648506480101,250.42140171727064
BB,173.98797265047327,108.2446397920268
BB,88.99198158092061,133.4823402562433
BB,113.89858231589534,186.97266459389462
BB,160.29822942389706,184.58481350122992
BB,262.87953228132113,221.19634505128715
BB,289.8176160583271,280.1804691734933
BB,263.26777262618054,106.00362565229267
BB,186.00464745371787,23.761490046523644
BB,280.92708000696064,116.98499734656428
BB,108.77289435256426,258.82446275142524
BB,204.6151920751838,85.03101604260348
BB,51.315646316550364,284.8946032623205
BB,28.3237164478565,310.5806062612331
BB,280.6155108507221,122.8228986642605
BB,221.66151883101082,113.33738932711351
BB,65.69573071700215,100.34972451506178
BB,106.91934504086345,85.40562942534604
BB,180.0833710460581,264.6817852777977
BB,212.48358657171082,297.24440702734717
BB,273.27900762692605,42.763816551771
BB,21.808688155176323,195.76031024739478
BB,292.1399271687682,78.37209518507201
BB,308.8800157676684,243.99951300652017
BB,130.50254300908517,133.49940031997014
BB,245.48174112896714,241.67493094222755
BB,81.98073526449086,58.15386367606682
BB,271.6858609034397,205.33015823231324
BB,0.3733526994808116,246.15564276706013
BB,259.5839418061585,152.3848722160483
BB,205.50257708805813,313.03470015176885
BB,286.04736784843385,54.425998856087936
BB,310.4642624889057,97.76244602038618
BB,11.598864191911591,59.8222721258588
BB,126.44832293030818,217.33536767902234
BB,72.73285298953985,293.42632944426987
BB,147.537941294999,42.788203922041795
BB,187.82530355238362,234.6718792094561
BB,311.5487319453367,102.17317590430578
BB,57.49791911150675,247.67313694775288
BB,232.1066134570144,149.9473708650047
BB,219.09511995290623,302.50952977598513
BB,270.737599637553,68.14060936267745
BB,202.5944268689415,85.31129570497114
BB,285.8161225833183,167.81866902788798
BB,314.6593320786128,129.63323845540697
BB,196.40431436464706,200.8196603767613
BB,100.69072709560446,187.9830740555485
BB,109.24504090262948,257.2045430359529
BB,27.051839055547863,216.1352513427943
BB,309.14400214696434,207.53740258906828
BB,244.25279015233775,62.08692257149661
BB,299.4740656326028,217.7757915605952
BB,141.21149512716414,107.57538238044576
BB,211.49966395302158,104.84142318270503
BB,173.92627376708097,75.79021308764733
BB,124.61781337541164,313.457082914076
BB,229.23841877310906,244.90514635146866
BB,293.71892615704706,274.0325007080256
BB,241.50941018817696,89.82531047776719
BB,220.17512186582448,153.94988059664016
BB,183.3884049772157,69.47712170041936
BB,190.15124773345735,97.72756376108548
BB,135.6460746685211,91.16141968058132
BB,211.52147339390518,209.12006119114324
BB,194.95227340210062,33.9925631906231
BB,119.17088571432835,3.929339789585351
BB,184.5848297697376,18.353879245232303
BB,94.19133844555739,141.5846404797224
BB,236.7172759642376,39.06513881453201
BB,288.19603544443913,48.39616038287563
BB,177.53134479271037,8.526100980896604
BB,199.84364341302006,207.9211643656777
BB,278.7719096986105,181.14209821990798
BB,131.42543219381085,254.4800614557166
BB,42.74195303171357,133.2940390300711
BB,236.20344389925506,197.04789999809265
BB,97.91910510712192,298.82058413009634
BB,275.75474087948703,220.05202445631758
BB,97.5926588620546,288.8094751332711
BB,181.8889950635451,137.9540161461523
BB,261.7138641076087,198.41627334418294
BB,239.37824172879746,82.54944861284218
BB,294.52862519777995,302.68264787698047
BB,151.7613147635006,218.64728939407638
BB,64.82081388319733,94.47311613596754
BB,13.579870036601799,119.39249579382482
BB,170.3545942009905,215.1357255465934
BB,110.11886044054293,84.09479508263816
BB,114.38376230636291,178.95066784343203
BB,295.6498420445406,202.36019193394435
BB,224.8606648412384,201.90180430336665
BB,57.484418462357475,84.21643571070182
BB,85.69120603036112,283.7805246709564
BB,39.85595095409063,113.67464680672049
BB,10.083268895086073,277.3370624956678
BB,164.80894418580198,70.50093217168312
BB,262.4114990410814,69.44907278257314
BB,221.67620932490019,75.07112630595115
BB,3.861218435576464,251.4751974233344
BB,298.4560328740232,257.5185721926454
BB,104.32557018191135,163.44715472948093
BB,119.09352998530022,283.76554822432377
BB,275.05378675284413,95.43585481293489
BB,88.10635680378626,8.801857929177643
BB,206.10981318440656,172.80033859546688
BB,87.14010373244115,78.4130692807602
BB,38.253398376871615,161.77979989066188
BB,50.328984368744166,196.657457264466
BB,180.32082719460396,282.331787180735
BB,118.30070950616292,314.975958213024
BB,85.39748814783822,165.26467970758776
BB,21.66829301865896,122.59935023209566
BB,53.33650483474989,171.52762486811898
BB,241.58490909136103,198.76571014993175
BB,305.4191438584428,172.85074411858156
BB,84.9646236186452,136.1535108911679
BB,47.091079057348466,141.54062830370196
BB,173.3420649472801,281.73771925450336
BB,116.01764528031474,165.04442804593725
BB,181.5208372367216,126.68306566424506
BB,140.28028393667822,138.36377007303992
BB,301.74564148541936,219.66007603589665
BB,181.68688406442786,2.331155661760762
BB,208.2860177071918,284.5084429263837
BB,63.16599403342043,262.4083966865362
BB,288.25871852294637,265.964675445715
BB,167.79632365588424,309.614529772139
BB,254.1194186248426,139.66382371861067
BB,219.7458959674048,109.72687235746069
BB,6.907937506692614,209.36602947832955
BB,70.93216264461556,313.2818668049834
BB,296.674869123683,125.02886772772911
BB,162.85690405810138,58.52291619188678
BB,40.80890637905051,221.877254079429
BB,90.85149536733005,24.535557761628706
BB,212.25148181900036,40.43712408959434
BB,12.913076705481227,239.45729558064238
BB,256.92618972584205,151.58639654118477
BB,51.19617915521736,44.14443579166355
BB,152.89783149602215,100.39557233631012
BB,195.91496844922892,305.58100087443233
BB,121.51052467162339,185.48467402024679
BB,166.61519545030248,82.89776779026734
BB,105.88645286314446,206.34801781995355
BB,314.73442957842155,249.05870674520392
BB,93.15768817838162,33.51584538122057
BB,93.84424398372859,105.22312734651426
BB,111.11335943220722,294.62190075954544
BB,118.09593602309464,286.2000454188738
BB,4.062775335835846,25.576070250254737
BB,46.01998554786318,19.79138755195755
BB,144.15491121167332,312.5125899837132
BB,308.279385511783,131.0546205125916
BB,247.89982584901585,2.7285169927058925
BB,78.25008124273417,31.250308733715908
BB,301.5953806659599,222.24597488073448
BB,309.67353340348797,98.77920557116929
BB,190.10664694211772,187.90168496077126
BB,7.25750661088044,273.734906161558
BB,307.22710005875206,74.35786646932057
BB,208.25793250232414,47.89822913520179
BB,44.500357981323305,102.82263466861659
BB,172.48021359392212,292.7683173681434
BB,178.49176147728113,313.05854982483504
BB,99.20612731946751,226.84163930573484
BB,53.02615001378824,145.1008361673226
BB,66.48231556807664,93.27447278076212
BB,137.32958972754255,145.38974015562687
BB,258.1050879134988,60.237611121278206
BB,29.118419173118365,66.02519632452416
BB,247.21700667161727,135.5855746095867
BB,26.171944719739823,265.60993104488
BB,44.56975384315773,35.88506307700093
BB,46.02053570861151,104.48261059271952
BB,74.858683232872,275.4093135178136
BB,26.767711981776,232.13180643900847
BB,226.23792844584332,35.06362740732545
BB,40.97732200972795,129.40091284143477
BB,246.02006267331242,165.21967931433016
BB,244.87006941005157,274.3611290799848
BB,4.242071493257698,51.029346324376505
BB,186.1173656720581,222.2458185296899
BB,256.33824123467,51.63485646193287
BB,105.05089931806751,144.05466981039316
BB,32.316658726251625,147.80212527672347
BB,28.615989200831276,313.80977206321484
BB,56.57730393262089,231.10197731002168
BB,131.69020390808365,68.01855918886531
BB,177.79689176119228,269.9054807468101
BB,130.52963213740915,259.80987597064336
BB,262.3836561479525,301.9692290763353
BB,145.5820501018774,42.521547888971995
BB,309.6782579799613,99.29646497092396
BB,177.87137775081356,91.05085564756467
BB,192.4624743295709,245.69340782124485
BB,274.32545700205173,234.0413320534412
BB,280.6966643145162,139.18034789601577
BB,77.90938085203193,188.96863276150225
BB,67.97643923916368,303.2249614007792
BB,162.17032707723627,215.60580993628963
BB,115.31459745882293,235.68766214654667
BB,176.75565502284135,33.112666362017
BB,242.374886195227,33.35698784830177
BB,193.41023576971773,299.0704498583729
BB,47.04162443632418,5.189389547778508
BB,197.22498157572446,292.5905393246753
BB,149.04187500400133,124.04726459938702
BB,298.04783838848573,180.65143018193623
BB,154.11101657519427,102.76127311217037
BB,268.4048014246235,153.94916099795037
BB,216.52834453189854,234.89299319359012
BB,50.574738411998084,191.24912666815888
BB,66.52383003753869,223.75103514347774
BB,206.98399587666736,101.31383189661231
BB,154.89003081874844,307.69265542315793
BB,205.51667421585648,188.14726546432186
BB,159.40912705607553,184.39112150178576
BB,245.13697115331328,197.22238165072656
BB,116.44655407194479,3.860911716516413
BB,10.937360498703953,24.400436629269883
BB,179.02576884799223,145.3468168488995
BB,35.22423985050589,176.9551885406057
BB,194.16345454552348,127.35690413050355
BB,226.51648286143993,271.93541228457616
BB,136.44368221558665,222.8969847756135
BB,278.66897729317964,167.40670206200383
BB,139.04144303389458,269.59483257529996
BB,281.15225292332497,271.5848671792595
BB,212.64434076836577,24.706027909780893
BB,259.765701081461,29.863432194758655
BB,92.31921636594494,52.192395445116134
BB,223.86941828524317,163.11491180744906
BB,79.44489608720569,69.32042029917326
BB,278.97573397789563,140.21684205255175
BB,255.66641562632418,137.56624880263897
BB,46.868715609188655,283.30639363661356
BB,8.300367267054401,163.36169350362925
BB,59.46309613147913,30.742405463736624
BB,38.20683485217356,310.33210315013787
BB,212.95924616760556,305.3125193808687
BB,32.65911450291699,283.16065579842854
BB,115.3317359372383,190.10114084568175
BB,167.31124223596814,64.21497240617636
BB,121.62340247586847,295.6573757363512
BB,225.23443548324948,177.20776413415945
BB,165.64853225482906,151.26202271708743
BB,108.66712081582453,228.17033647574544
BB,312.9859034668535,71.11456503652954
BB,169.27839932798693,139.83597597016632
BB,310.36389800670014,145.12890751668854
BB,80.17601858412101,45.959014223960494
BB,214.6424122557155,292.999644510754
BB,184.04616434640968,73.60905023383283
BB,221.53006796662174,237.1482309602171
BB,296.25428024249675,296.5550351503557
BB,165.28538510106884,174.11465697071733
BB,73.33592542544943,139.4242167594303
BB,5.468643763883796,208.19878520595248
BB,118.7437045808073,92.44690025960395
BB,74.26285403853883,7.430786059268687
BB,111.20153837765777,132.79025336541568
BB,44.54349250561352,17.25970121333626
BB,164.48539742586397,58.807668148707634
BB,132.4159257311601,290.3666240192771
BB,199.3146102483125,268.5760304640895
BB,24.658050732300687,125.45932429087249
BB,241.2410283139579,264.3468909426941
BB,38.76536282450642,233.23524839941103
BB,42.21509162216829,249.68373937736908
BB,10.319324965876472,204.5271693511376
BB,242.7641890021198,259.3890421937936
BB,247.55504808228886,89.8112478379228
BB,237.79992193606364,190.24660956002535
BB,128.56094482396415,69.49789250761104
BB,238.59891352706708,203.1162207820273
BB,21.657069683699206,278.9371431834432
BB,120.6806971934112,20.922234748394406
BB,309.12596401453425,1.8840005731728446
BB,203.89850059022305,173.35659493408733
BB,233.84267635711697,115.80907466685039
BB,291.5469756314258,102.5633346722819
BB,70.12015036834563,252.55427295390103
BB,133.05862965945644,242.25962882610276
BB,306.7899021113097,24.50514416919046
BB,160.8632491529104,3.2196412655823243
BB,141.04143531279448,145.47804126220598
BB,231.07016850356112,102.73888489510311
BB,36.93965198918355,189.85894161073597
BB,126.59708949183329,225.81708610253082
BB,45.06671772068677,143.78274314446375
BB,108.83080287396268,91.35245474669394
BB,14.37536925128156,242.05293487086763
BB,284.2637885704346,133.74399256901432
BB,273.9336322543505,160.84517460557325
BB,278.6811006457034,212.09353699490538
BB,108.21043684652388,291.38639811661835
BB,312.2749296043739,98.2857266595118
BB,284.9233983794351,231.30875260145146
BB,59.77068801395002,126.01975439939265
BB,293.604500157072,208.36247441608015
BB,57.336378919863066,139.27203237732613
BB,161.3162828527448,211.5277691356413
BB,165.7294951210958,54.87853697283137
BB,81.95519856175245,279.39354581488715
BB,157.66788737587544,45.712110588901425
BB,173.03813644180605,243.6580665722529
BB,209.30361107371394,184.97551665804022
BB,66.66930375186101,16.36127789495878
BB,74.83661833022026,185.5327170726689
BB,49.48829012658181,15.757563870608626
BB,196.70989506279417,22.39229832321139
BB,35.87558508990044,44.95446419269922
BB,68.67957064665325,220.63000059213607
BB,102.66632445747824,160.28793824669233
BB,122.40755584675654,306.7219628960279
BB,113.99688716519813,18.919278810815065
BB,254.80056501908572,282.90709818309745
BB,114.98621217769863,38.08602797736455
BB,260.002565695497,55.20970316395145
BB,201.20224099250666,213.95796648784477
BB,281.8259777729412,1.7696574068321125
BB,239.59069886244706,315.1273203239089
BB,150.1826545091657,299.59028309978197
BB,98.27625408904659,32.249121205399824
BB,110.70209650621109,207.53854478450347
BB,178.70490250381735,228.02650308137467
BB,98.7224573938839,192.9192118375821
BB,263.6967463222591,184.27352908402864
BB,302.39391308877845,79.42257829263022
BB,60.52165484234624,232.84567230081083
BB,150.2306903754689,201.4592718835132
BB,227.48385064456448,73.22860642750396
BB,3.015434502606042,261.8043787838033
BB,256.6712547829698,199.26481874707085
BB,241.52681657258253,117.42205805720936
BB,16.338045726394142,188.23460003046088
BB,27.90542269761602,156.59372087298928
BB,52.80890856855035,270.56281845796565
BB,64.11474768379436,43.36173380787652
BB,152.6123091202143,280.2224403630668
BB,208.52462760018594,23.53803946881166
BB,222.51602567811187,29.74898028356577
BB,275.9259613443076,310.90528069276394
BB,74.43028179996432,304.94131486676633
BB,214.49995321508783,132.17741776278234
BB,207.85296154489978,245.98845203491237
BB,75.87658611787678,255.95223846167897
BB,142.87931469673907,59.95198798827649
BB,221.03968341761467,8.79420461874531
BB,261.2019551675174,286.04024966456564
BB,105.63479961525616,74.51463758155849
BB,315.3320934163178,70.34736008629889
BB,161.86167611785498,180.71919311150862
BB,48.5942464945078,149.59731680572702
BB,160.2038562827237,132.1736882673654
BB,258.4709519579156,71.50405568464451
BB,151.35692067977686,90.58143008311302
BB,224.36868057349992,91.3533215137818
BB,181.42647147279195,190.06336543472514
BB,237.2755594360425,297.2163237187943
BB,251.4930624804526,248.66697684883198
BB,206.60707489711,250.1983546171366
BB,268.3755733517119,94.43286712982815
BB,264.9720196755022,23.893000244504044
BB,33.11569952122926,70.11708208758265
BB,2.912619588969681,95.58866823330982
BB,173.00488498842213,289.7428962023289
BB,211.34509538829167,114.91926051975634
BB,282.1135968214906,313.1869631960124
BB,212.44448776160152,243.00556551757893
BB,251.63621430834905,174.75660485417
BB,228.48076848845307,128.89562639237107
BB,187.2651541428135,106.94925915063786
BB,206.59834379952395,315.2309898907668
BB,231.83109315139868,50.7826809811631
BB,292.7806672747874,249.90309454313697
BB,24.857767284423524,297.1802488869481
BB,228.94358243666235,241.1363632991327
BB,123.55312463992357,54.93341127252417
BB,180.6643950072676,148.14219857877006
BB,13.14594540321388,123.87371213009558
BB,137.89277630526942,98.70322732445428
BB,239.9639483700123,20.53941986696411
BB,288.0270130953172,246.23786182821704
BB,73.8338616691459,121.46576313038827
BB,188.28213967308304,207.85126844164185
BB,166.492154003706,158.05206109716357
BB,77.73076622235438,235.8482213266997
BB,64.02049050076462,48.8838009652371
BB,298.1198743354761,309.3916141096673
BB,294.40749352669553,226.60283159435951
BB,207.64668923904424,256.36109328439954
BB,188.31405569104214,290.4604523927874
BB,173.60250226675933,181.22816061716844
BB,144.09003537734495,174.00292767886415
BB,15.148026265032017,283.11351989381916
BB,219.83964866841686,171.7640088223978
BB,313.3858626135909,18.180054002143738
BB,187.35403582570612,196.73886417420545
BB,118.79290429860235,35.973432344658505
BB,237.5360421202891,159.85097657142535
BB,18.84094186378532,27.092198077467117
BB,291.03650961213333,261.1789377158632
BB,198.34805864526777,136.70180050313053
BB,21.701647428822344,62.77467814277802
BB,240.59314679905845,302.5653635573923
BB,314.3274626974952,271.01666309507647
BB,207.11857346836996,91.27989206759509
BB,278.7647832702774,258.39700244235814
BB,208.23916167454422,8.910185854847873
BB,171.76899227625296,47.60372718297439
BB,112.22659841405928,282.74436465539674
BB,274.70192746705345,52.667145630402125
BB,43.47144325537765,159.31514708282626
BB,29.99670506678973,231.07923264986007
BB,271.20222054403905,17.485602667661535
BB,71.65808288566015,218.2412478023165
BB,2.0969465295548195,176.96021963999056
BB,41.32551031156229,277.950059811268
BB,49.162102085362456,43.00092277827903
BB,197.14442617090992,249.94105717121334
BB,23.502319758200567,214.57911102084856
BB,278.3069013167094,160.68370190001073
BB,116.61268378897593,80.66819975374592
BB,60.54553703750034,277.614059330904
BB,0.5433386064227039,120.16873591721841
BB,97.63678581623098,73.0135080285531
BB,171.29120631072925,290.60683409881705
BB,70.40545292431949,59.1401011640864
BB,246.87464407541486,170.69444720911085
BB,34.02118584497811,301.5245218193932
BB,280.9017297141456,298.47845225825967
BB,255.5516011299902,178.31594060549784
BB,302.3800991112658,310.22748620647496
BB,140.21740027028008,157.37911230417498
BB,91.04537265838655,129.23274832805103
BB,252.634582982332,239.17080553673753
BB,259.29704602071564,295.933557782399
BB,276.6731209357105,178.80870987433113
BB,154.90108105757815,165.56779056765706
BB,180.91541543217647,136.4951715373571
BB,161.29163870223198,220.58411142280085
BB,223.79794731992376,104.6604831446402
BB,93.58680036845288,194.635945388921
BB,9.203780515705988,55.69965643413072
BB,257.593192868805,69.97942018218339
BB,168.3593140110635,273.62309558080096
BB,141.3706501009799,32.749974205312476
BB,70.47413312470766,260.68978088443873
BB,11.139236504280957,204.2164274075345
BB,252.2872933589175,288.2081274320029
BB,16.4230122001581,76.88958334160942
BB,252.99045126728277,136.6087389270321
BB,202.6708283218117,276.65962678712236
BB,193.59421894677925,24.363128744469545
BB,136.90674474000247,214.41931687906813
BB,36.94534267187877,154.13805035756153
BB,22.185192059088706,258.470355872244
BB,21.609841573667797,50.9202780704935
BB,67.48445473230674,95.22318032816268
BB,166.62962956553156,127.9331919047963
BB,183.7236811757068,230.6157650303041
BB,151.31737852903288,49.31764605284649
BB,148.04258287006215,272.7092104388295
BB,306.72051498711255,72.94808634542504
BB,191.35205541551366,62.44946238324499
BB,47.55643850429069,183.76136702585782
BB,18.572512533291402,165.5218599959968
BB,302.6328514470806,181.60368722580859
BB,149.24261341840938,193.74490868372482
BB,93.91467416126547,89.80319960559206
BB,292.5166452981993,261.4233545391959
BB,235.6069197818627,25.156750400107974
BB,261.4023420307263,246.39465065055884
BB,16.143263436600463,307.24442364163264
BB,211.07073304651723,0.18577044225393236
BB,149.04391871566395,163.5225835501104
BB,42.48044425575782,202.878179524661
BB,113.72943057339016,197.0057506605094
BB,50.114270307677515,32.23125514361287
BB,7.029256368270422,8.265638186358657
BB,0.36689784291047234,178.63411482100102
BB,189.54744434579663,241.54614219845942
BB,264.1389098704527,137.15426734906166
BB,64.58657425313386,210.04211152456753
BB,139.21574211838646,92.93667937366739
BB,313.9250455402888,290.03144043094835
BB,142.36259562802954,85.8804395113501
BB,237.5629686338726,53.02162672852662
CC,196.97712261292074,43.97327269322345
CC,251.134851643742,117.44699164476651
CC,212.8521635356496,279.41890542338143
CC,208.02733727613142,41.71564043672058
CC,249.59883319981697,39.43971376998831
CC,151.53684716464454,183.4584458120369
CC,311.77530988864686,280.5264699881546
CC,12.774439716382819,73.44232806293228
CC,221.78164299926996,92.218902187646
CC,75.5859775218898,227.15961912375897
CC,116.81236299324011,281.91707473860487
CC,2.189754226603326,293.9780264206659
CC,147.56526259070336,87.0872367563493
CC,190.2804305864117,4.826133380320572
CC,301.1823438124024,253.36158353631953
CC,21.380588888438233,113.24648463115844
CC,223.0333160479989,74.18316309770599
CC,130.7065629724514,15.723559264345196
CC,298.92291210257554,59.864238073715015
CC,79.68025633832112,192.5214157106172
CC,260.44131721090173,14.413381292473126
CC,136.48623992227556,315.4895624560645
CC,19.273568133766464,166.85539061693618
CC,298.46437384356244,225.2810538276109
CC,196.60790818734273,132.66029795181515
CC,110.97775426016436,280.10633863942536
CC,232.34954806605572,254.2085733714151
CC,260.9389621566078,241.6143025213267
CC,181.59754108629377,259.4584699640627
CC,105.99450733997203,46.92178859131374
CC,81.17022466042384,53.49900777934893
CC,64.58399907723269,161.54141969637965
CC,23.604597352363857,18.384914601960627
CC,284.839924513666,22.97683244380668
CC,70.79214498031786,55.34157506608143
CC,309.45120650999246,35.050484961213584
CC,199.49224522331227,271.4435947433427
CC,213.971891474693,23.514505737630053
CC,84.69626191433417,21.685532277299526
CC,206.52669590534984,227.7957949481663
DD,303.61160345167247,272.8616550426124
DD,37.862851064627286,155.67450356360484
DD,205.28300899461823,9.627773874201663
DD,152.86942576076942,270.6095407318712
DD,59.86714022591089,259.47073267001684
DD,71.57461609560788,108.11345093174417
DD,291.76695569104845,279.70483163878873
DD,256.3674349942359,0.474222261548614
DD,29.443355909516608,56.00431325673909
DD,261.79515812385654,269.27899951510864
DD,200.8102004586896,162.85133368293805
DD,311.32196242868423,58.3491856751118
DD,29.583430548716063,108.75145358923199
DD,126.02387886708969,69.61455599870818
DD,225.41062067629986,60.789555059658916
DD,207.78683943276963,64.06314916344897
DD,56.19673027924938,33.29234325583105
DD,255.50126164742233,207.06064973242653
DD,315.842745217046,15.65569923854209
DD,40.96778625643756,80.5011776369337
DD,275.29661149959225,146.11514620290404
DD,199.72747979447618,137.49547268944409
DD,241.51200317270735,31.800930552295284
DD,5.193326657038912,34.11815845148917
DD,194.86744607589696,106.26262005880623
DD,206.28887109125378,226.7535882121413
DD,110.13397238104588,222.04186029597108
DD,299.7199267925262,262.4075263787255
DD,284.1441648761911,147.46954731323189
DD,192.4639076614656,267.7803596171636
DD,79.99066207501352,94.58036364524742
DD,88.44000601979108,16.482236197339176
DD,301.54543592812144,77.7743223682706
DD,72.84090591017353,247.74761284958893
DD,225.33798042519823,280.30801841628033
DD,122.2724901049489,236.8097778300929
DD,209.2716367074875,215.9246163265646
DD,166.7557351449565,149.35446291523698
DD,295.6553548216736,94.74397620347892
DD,122.04352581081938,232.25721486884714
DD,175.97944756763903,203.29268662438386
DD,103.20407633216905,23.79680427393819
DD,45.93070176497679,278.5606308981654
DD,68.13735168321958,1.9854638167190863
DD,230.03178569496345,98.87030043090827
DD,4.612620676902819,191.39488659367964
DD,129.8181331626594,189.48040916677658
DD,53.0281175848646,45.045756770922765
DD,60.52849247244568,178.40609713305642
DD,131.83395901768822,142.05316021720378
DD,268.1759831050863,191.54240754252038
DD,147.312734586304,77.87465450409934
DD,61.2799781089681,263.0261016425287
DD,73.00697118428444,215.765568067632
DD,200.4471919927791,267.6538422931442
DD,79.25885343975953,203.70470744203033
DD,135.91010164626888,33.86753286391432
DD,295.60224974752737,301.95407427981405
DD,215.30592055058875,94.46076236852416
DD,158.05159436146874,60.82473269604388
DD,150.92580983917617,265.0258614377854
DD,56.642177075284486,146.10558523364904
DD,197.58053193135626,169.79069373035912
DD,6.306905663066365,157.7222431901414
DD,15.369895813249183,83.98842988706588
DD,249.31706198529534,4.701340853562878
DD,197.47459679645965,211.42341439427233
DD,150.86094567753008,283.8764637791455
DD,129.787738449631,143.10952805486622
DD,2.4189507354826585,183.6692359560095
DD,247.76485864839725,7.081763138012711
DD,207.41767407519197,124.72525100714589
DD,189.72491943909975,296.2002776933558
DD,109.67899065375506,269.5659169282164
DD,268.813753762095,107.5482981918471
DD,287.5115368815068,23.28328468018719
DD,195.22889261183772,226.12045320671237
DD,228.69500472719173,263.43235799985075
DD,135.68814000031978,288.42428543327367
DD,103.99208103540127,66.04957568532627
DD,208.92660945070122,80.72927771310113
DD,83.46980969025363,7.840816664673767
DD,48.20142854381595,50.97215477078126
DD,79.001818688187,200.6818956411955
DD,85.28063108535476,174.19015112653994
DD,37.30489606903029,39.10269984597272
DD,292.9357992580335,269.8483891772449
DD,238.8991022559839,62.6510112781816
DD,204.10584926620461,143.00856622888423
DD,62.57994296929386,240.29715132037154
DD,173.3580559087161,248.98005982761595
DD,287.492577176585,109.9094841037178
DD,274.41072019777295,255.43328327937184
DD,155.87408310771184,204.95192740755573
DD,132.1283399348864,297.96563619113647
DD,93.54201035286991,163.067703813978
DD,305.0133985602403,289.7111437200097
DD,134.1191977716302,193.1472362957125
DD,42.220193254720726,175.0003692264456
DD,145.39521950550727,169.46339103484166
DD,218.12021497037986,272.8924992868711
DD,314.13782509680124,186.49984258590368
DD,301.7695248093227,312.97169420972773
DD,261.0647972156267,58.452224930930576
DD,37.60938661569734,86.11206388988153
DD,68.73459321666351,124.39704042296077
DD,42.74848501766986,32.11470065760674
DD,126.14094447584708,181.36911784138408
DD,168.7609866681438,148.77283120628928
DD,51.52876686401359,271.3590707103918
DD,298.4361900675006,124.2893892077615
DD,167.73551396293476,225.20220164193324
DD,217.73856269345737,122.24849411071501
DD,115.59875962068111,77.43608192851569
DD,52.987580708289876,217.65216679944112
DD,218.08765494041793,130.58380356370128
DD,111.46426213294426,104.85360771861527
DD,84.77151216665233,107.35128865439461
DD,41.04949138822364,53.88055207552704
DD,210.3575384746067,68.50711904387857
DD,315.90473144721545,192.9594250961519
DD,184.48876421830667,236.30569636081705
DD,20.408868013623874,300.6131190186601
DD,38.39415904964399,119.14090136083554
DD,87.93601863149796,34.012152946747584
DD,23.81810927216031,264.34939131791674
DD,115.802190995787,155.6038154001612
DD,296.3308196467524,271.9846050522322
DD,314.74141364650643,218.3617828261404
DD,78.76358190954551,264.51463956937187
DD,158.11437158833004,204.2455561406475
DD,278.20070521374345,3.927445326149597
DD,168.23868616529893,208.77507892035567
DD,174.82017217180902,48.15027382701388
DD,121.73712579566244,144.92348906772216
DD,271.6662425988707,145.3148726363175
DD,67.16372108806212,191.7046200758405
DD,51.728850626142446,61.65523179237614
DD,22.816707380624884,216.37783942738955
DD,169.14096922307942,28.33897813106399
DD,276.8346129833172,14.361919757557711
DD,208.22710663846806,57.96888692930995
DD,191.8609472811668,75.70554622893147
DD,116.39002217319437,132.8857475957826
DD,98.86540047612466,271.1468836072339
DD,299.0147299080182,16.5752319185529
DD,45.81622927489156,164.18892007890076
DD,167.18008660165455,123.1901901327575
DD,33.28071126380142,71.35191848956431
DD,166.42528249015822,288.3544927785727
DD,136.7087736951704,291.1522631132155
DD,115.76784914515113,45.83829180235127
DD,157.7552280921491,258.3994892599516
DD,46.32234751313533,40.900200149365766
DD,111.11839918150825,265.30451649791104
DD,188.2369761430148,94.05998063725126
DD,109.03797943288416,218.9265437494614
DD,8.111104635366603,118.74514331282757
DD,310.3096380935542,275.4191182970058
DD,226.20376324300528,312.1521805920643
DD,248.0659805911813,311.0049410801934
DD,39.860880258244805,273.8037720187724
DD,99.30969911810398,254.71390792993654
DD,286.4064334547847,253.71830652213586
DD,5.249665143593427,47.00748800699682
DD,88.52929666819,150.6341790142909
DD,123.84744709394,137.50034824975037
DD,9.499538829268774,65.47540237874249
DD,312.63772741129475,81.1690468307081
DD,181.6307346427761,14.973868514214061
DD,305.2168651127252,177.4438440672551
DD,56.58011061284367,85.12228619634911
DD,146.76883173018084,23.362287320269658
DD,33.71497044595003,180.16479003021033
DD,92.94872959082483,89.40583322464417
DD,311.1737131476058,298.1024859837687
DD,301.02512486459773,82.05347031781444
DD,106.7062272053151,130.347551143727
DD,277.1234914048252,149.91931191810664
DD,197.0861405609193,60.58246966087089
DD,91.05527011597853,138.15657307713377
DD,78.84528990310717,296.77772828693304
DD,232.1285573990015,48.32572707847878
DD,48.473569657446845,71.69297227585115
DD,28.480214725589505,170.9937871189553
DD,64.1036327080364,233.86647629205032
DD,190.33137319566717,183.0469408476299
DD,17.14403504791693,42.906548127288964
DD,73.75297038987217,231.14023097949757
DD,17.175344836883973,27.473310084239852
DD,277.7273194791506,249.0678362880106
DD,210.3220821433853,17.209598601466134
DD,82.76203436586151,256.6474276377258
DD,242.70065886681923,218.1355154857152
DD,270.4168040282132,85.91780447412212
DD,67.95000751214098,74.47406780805936
DD,137.125732227752,234.51774514003125
DD,101.07699725084285,239.42214939545363
DD,84.95911483197433,51.95219373678378
DD,229.04273234573324,205.66123957747214
DD,251.31629785597735,198.1994844165107
DD,178.69453530100517,260.1867965502507
DD,247.52196899298877,217.15956814445522
DD,123.50575984121056,263.9722013719078
DD,205.60091618945228,125.21611047994598
DD,176.59177916891213,141.10127096064306
DD,118.11710369446948,78.36281007357475
DD,138.16657512220903,176.754708259262
DD,57.59044838022982,218.20221840011908
DD,8.475330908300435,94.443402982357
DD,102.21367741891059,200.02967051743974
DD,51.147752114826005,291.1875742761243
DD,119.15611153665476,185.96091905747662
DD,135.79169091597103,247.19136872022926
DD,234.05974818219138,278.414355289895
DD,102.30441406801499,71.54239506285707
DD,278.00293179591574,292.9766667307214
DD,223.34102543451104,233.9788628062219
DD,158.31274133321435,227.44594932573213
DD,292.79221351750357,218.51730362915555
DD,145.375427809703,32.83018940614188
DD,116.29434708904239,310.2577055260381
DD,300.24055266159417,83.59734769508745
DD,37.531618495877886,20.541240277689276
DD,312.42050150633156,215.67290045203043
DD,29.714487303736703,125.07829055138822
DD,127.8442700791266,48.46028562968498
DD,0.8611546089023863,302.58358885415447
DD,87.40295958048053,20.398458585793527
DD,90.72588640035981,63.52592522326776
DD,224.44920345565927,112.40320780181216
DD,283.0103026052336,99.96435856157714
DD,106.0607614372348,203.48503118890315
DD,2.115005406890543,256.3538406115031
DD,161.72048794061942,29.068279137024064
DD,257.79896840194385,106.55853843060724
DD,227.530630801465,216.6979086759629
DD,194.9251744818006,229.5510335489228
DD,215.071041264555,297.28901678583793
DD,307.7091165424973,259.1123625320054
DD,295.58523580137876,180.751840026032
DD,122.607995655698,188.16773421360574
DD,146.41491031829815,24.399382714401174
DD,187.0402699492179,280.87626411255445
DD,297.3327486082479,285.27890277213726
DD,56.82288931013218,314.7919243881764
DD,62.296275110926665,278.02451897777644
DD,53.57136995470637,268.6796582030559
DD,223.4685475893644,157.67643544875426
DD,186.0879867777858,62.13715578707051
DD,88.20795722585125,211.80104130077396
DD,226.38665598113997,27.980663025689463
DD,25.916266552922078,232.63958355200776
DD,104.43167448759193,266.8148553036302
DD,204.5609330533164,18.821993581258596
DD,55.27934684694687,153.52061313572233
DD,286.5978199929555,154.63524938193012
DD,209.81291969148313,62.692379330227126
DD,175.9430583153372,275.4922442074382
DD,158.31817312806734,95.45124840714607
DD,306.84067423077454,267.37418567359896
DD,239.38002684768202,60.076058022933836
DD,5.858015602594765,292.3080441255479
DD,222.24408837327024,90.58124142730956
DD,213.1433393434774,233.1180334293921
DD,92.57164252704497,138.73850666811438
DD,229.67156727131342,231.24122093713632
DD,117.19159215204891,289.4599011716172
DD,231.24111737404718,11.933902407819119
DD,219.30002331508615,26.68904261521905
DD,44.29030466061381,183.9581261690878
DD,283.96145588752916,132.8409691807856
DD,76.49592498549406,280.7470752692672
DD,156.59068558106415,3.055354361881104
DD,110.26077915071136,97.9402459388954
DD,257.534753001206,154.73290538682258
DD,238.2140947875193,30.73073801083415
DD,158.5013737451059,43.31753127599392
DD,81.67781388747918,309.67843974462403
DD,174.979345337787,160.51906168003757
DD,271.2720033525795,240.67491122573654
DD,89.71884332523031,83.19648521338387
DD,133.93794209375426,1.572146100664122
DD,26.461071587106165,87.07867961106481
DD,223.79758663265815,17.810805554361856
DD,131.6044930160366,217.56957037009843
DD,184.82186003531916,157.62324486856863
DD,114.96328995529032,19.838617475687585
DD,89.94657178000145,247.88497770025094
DD,310.1658795530178,115.28527129433455
DD,52.39196042219742,10.195557054007406
DD,156.78690962680085,3.532134275813824
DD,20.463354203926983,76.54314591414024
DD,40.365657709880374,174.0790015124369
DD,254.0433400007479,263.31035816102013
DD,118.18698968955293,153.990197378862
DD,277.1612049256014,239.5793435058593
DD,264.2272111020883,84.0925703286632
DD,144.34049665203725,192.69623227167992
DD,278.97411693242054,80.91810901237739
DD,195.9239786567498,291.6262082868987
DD,273.96054117935614,8.212898811816993
DD,95.73005318193204,206.8065694494234
DD,167.03316850929687,44.025943944630754
DD,232.62768605169288,204.67776226132383
DD,82.00176713479013,146.20626327148096
DD,238.36509902207686,201.96788497266832
DD,67.28608921572425,178.73024980648165
DD,86.4501148497642,14.636050996264315
DD,165.32963899932312,279.26683504676424
DD,91.32048947588773,144.38470214273858
DD,176.56962386515517,82.64819591630703
DD,93.10095392548365,143.10780820157532
DD,16.411630509059997,118.17966012169146
DD,311.7281946281511,173.98511969228116
DD,77.6230546928997,21.559516261636674
DD,229.22725541728647,139.43109776799207
DD,59.03987737970617,68.2456998206068
DD,233.52222763658256,197.805041496059
DD,101.24472565637085,186.68370635439564
DD,92.09945166251558,49.02997100384891
DD,115.84717997608976,199.2412473470702
DD,84.56332025959162,25.498729803346592
DD,129.23953766069104,144.85826415858648
DD,291.59242662047114,105.32098987290641
DD,162.3200199611505,312.0917621979215
DD,94.16402606842581,269.94032683608225
DD,103.4333694072883,98.232329255045
DD,180.65596906235845,64.61596201645048
DD,63.18459038738322,134.32959684445922
DD,153.28650532589137,268.16178995698516
DD,61.619085677069705,266.5552687659813
DD,292.28890396730014,114.34122964536742
DD,292.98674048015545,112.56023383500867
DD,42.64655255707272,63.773631525248014
DD,211.16221733283618,12.808327013413248
DD,134.68077400723502,238.4307458231733
DD,182.42760964752048,86.846359403877
DD,118.31343926798802,159.0268254023233
DD,55.90654581681305,27.020083934442205
DD,15.725931102085163,170.16060262030155
DD,257.4550182597928,101.02819782376993
DD,111.17869755927076,47.33207641054778
DD,46.728818511850506,282.3938667612157
DD,17.949032999408047,6.588167612629576
DD,21.816794346392435,43.24774836873999
DD,263.27825157524614,133.27112635105325
DD,129.64572026848384,213.97610370946134
DD,266.7907220866161,175.53331174905352
DD,263.4029884180375,212.84355859719878
DD,88.09273197801049,175.35665604860444
DD,264.07013321299564,219.89405043655157
DD,265.46016400120567,296.28180280271255
DD,84.0787486541175,228.36378066373956
DD,16.218354268487744,167.2108492285177
DD,71.12724874336638,251.03922831705188
DD,125.48775458755514,233.4749332444317
DD,202.18951610644348,285.06635097039054
DD,106.8747996713125,60.122089150377334
DD,61.004939586668236,110.35493534685872
DD,115.79222013993659,199.1408797315855
DD,193.1057092387229,192.8034932302003
DD,280.0652075932102,70.32738628338662
DD,108.73353994430265,265.549347860448
DD,129.4589140689302,121.88759893518761
DD,311.29810456369813,274.32801928541323
DD,278.34014070448706,123.34142442737596
DD,248.3728906098251,85.94090188298047
DD,292.345294434327,163.6686528428284
DD,52.8179535077278,253.37811813472416
DD,256.9650931656171,30.409625644259314
DD,183.92830104014993,302.5879870941826
DD,276.0133550353575,139.31460682404818
DD,206.61781042652294,41.83565384500869
DD,62.52363793852298,154.68774863377794
DD,267.2108279153243,122.35510325144085
DD,202.32179708857552,8.21648905934871
DD,193.04917366907722,68.30890323240651
DD,94.67393601536402,69.33196361611881
DD,42.35397386335004,70.52372134675288
DD,146.7799625487164,313.92483861416844
DD,207.77139341491622,225.73690998437715
DD,181.67956053654638,194.46884080553957
DD,265.9936107631259,179.23714836877718
DD,207.1796495810611,247.45554323969503
DD,78.52013242782294,75.669220627087
DD,248.81563320039245,43.6117353795406
DD,178.5668947862819,244.3012715765267
DD,310.6911336493918,246.08422049962948
DD,170.83382217527938,297.66424861443323
DD,74.94475784393649,232.38135995676194
DD,15.33938889877909,9.718429277278634
DD,2.392350725341181,176.68321262783218
DD,91.35798362254062,257.783144507485
DD,93.24455733057,162.6033267943006
DD,310.689960132613,45.802628382375296
DD,149.31578725998742,25.06462830949288
DD,27.062306955996775,272.2070739642563
DD,38.26896358205551,223.2086684538001
DD,280.3430853320774,183.87892655609886
DD,136.71584233810918,5.093017670071035
DD,292.38448624669036,136.12958483438817
DD,164.1434217484453,230.35757031408372
DD,307.1912593425918,155.67844384224668
DD,73.12671976919809,35.633717241286554
DD,77.79364909900457,143.77383451607537
DD,207.2157822154215,314.67872096453397
DD,295.0809107761293,105.46571179471202
DD,224.21203302498083,294.7284080986126
DD,296.66960504380074,134.8307282046285
DD,205.4945131854276,100.61511433938942
DD,102.55911312659865,308.7400666298775
DD,46.00483594126159,58.1371814061421
DD,268.4737239074583,153.9701299432173
DD,141.03204370427238,92.64338891775337
DD,224.36532216644906,84.90723582923764
DD,82.64684876582437,171.4713151780246
DD,26.345600352921767,10.737158509328088
DD,305.2968679786768,44.896209977371804
DD,246.91027932815064,306.5034213868778
EE,211.11915445007435,311.4477042318495
EE,0.6760001072005903,282.15248851136425
EE,108.23380365882761,274.7783351532057
EE,100.86079271727515,156.22154907685643
EE,98.98036700638278,120.88711469847475
EE,146.62957999848,267.81992102815724
EE,311.87062847121103,297.3249310824219
EE,132.21115294243265,150.50878571668352
EE,126.59356298441944,216.56994249930995
EE,70.5658976916959,167.9603261844417
EE,74.97568852390727,265.9301682625691
EE,32.05911781596571,99.83884736327613
EE,297.9683876037237,293.93337352271067
EE,60.42474641593576,109.5803222301857
EE,302.4812195655107,215.69625014886563
EE,250.13557457806758,179.64734026350504
EE,265.3819315883495,256.08534340274923
EE,12.42688775744703,21.67416501989018
EE,59.465722299616615,113.31609038132379
EE,284.75651006993166,212.51040671625375
EE,144.261743290876,134.9689649273459
EE,31.581775259745534,240.0703737446529
EE,48.10148370149428,31.593748135020483
EE,312.29620394138965,271.7211542327439
EE,274.25441581103905,7.049234504457642
EE,278.9629802799545,20.507725800077523
EE,183.20097209526332,125.10542356084528
EE,272.24212675673476,59.919802319227706
EE,278.6601103134247,126.00181854038338
EE,305.8786637336357,117.24374267743164
EE,153.18194754349787,84.05532096176944
EE,15.221504767031796,64.12441863963953
EE,72.83841973815568,287.333807981411
EE,261.35671617129333,94.4751430920052
EE,64.4290621716032,181.84539945673126
EE,272.09741014168156,284.8641982626504
EE,303.9358354359285,30.975815934043712
EE,121.9598067855192,151.54489261237921
EE,8.645367310782042,156.07840096660124
EE,313.96055734124354,187.69639150986544
EE,74.96229299055284,58.081708839794025
EE,287.95508636809274,103.79337723102401
EE,135.35910443230674,272.5060783289588
EE,106.47054602961099,126.84922729160094
EE,190.78096710215658,224.7904917815934
EE,27.40485496376256,73.42712813422138
EE,103.4997080302384,113.69134801679732
EE,303.12588252318335,276.3366988768863
EE,38.965277370207,13.892718032303057
EE,167.85126890924244,10.585285190363576
EE,122.0242365087866,47.22087951788387
EE,225.67140216137588,121.38865776524123
EE,241.67509690583665,64.61320524527113
EE,243.8824456301754,111.29008917214675
EE,6.6678718906568815,232.24164443429927
EE,210.78635271693065,146.4662462416527
EE,89.76453815093917,9.763524586317667
EE,18.07687618434142,108.72343086582792
EE,227.1879115032065,0.07948223028595791
EE,307.66029992956413,103.08819634229855
EE,281.28139261908007,242.90938363430655
EE,159.12306383968306,186.01262683029827
EE,4.672953660640002,129.33569384990582
EE,173.4279375585058,261.9576133116057
EE,168.8119723126737,114.94306236332973
EE,234.44635173743941,221.58525929944122
EE,130.23199738860856,61.00815651440959
EE,280.2583574589867,54.32455961711022
EE,240.88078975055254,34.10625093656992
EE,181.00404774366788,288.0501273003352
EE,6.245139219041126,74.41894142466934
EE,23.101609637751764,234.22371370625407
EE,147.67446340287754,191.47597456302915
EE,269.04407163926015,4.072895576121863
EE,131.25591068928625,146.88795826839458
EE,191.41050733122182,295.0085532747866
EE,214.85599332943,270.3417542702185
EE,24.524734271845993,192.80190638026212
EE,48.86547647147122,40.83409591261562
EE,268.7462368281213,146.03988219385616
EE,65.96961784741686,3.2053758076005483
EE,235.60194104172638,189.42704465620673
EE,83.73067851820015,25.64833326400622
EE,62.29419083256174,203.16456959289758
EE,198.4695998678634,112.81741934953729
EE,206.23520703681794,296.72147523090507
EE,313.600234693295,0.6349866547839564
EE,135.45818202612205,105.75337394568902
EE,299.3085624521357,118.75402215174147
EE,212.5366044839214,185.36582876593795
EE,187.134216847219,11.242138287986812
EE,33.56331273689428,18.562913192783213
EE,31.490905794477563,27.35282326204131
EE,159.16983266112365,131.0345686747502
EE,155.88184023431046,156.16160898569402
EE,167.1073404700106,55.15014858184011
EE,126.47977235035924,88.4390924502635
EE,195.056312563155,66.04539344274158
EE,42.10540829662015,197.4882818152664
EE,185.49108960890078,20.402815583488568
EE,90.73124661789707,25.54373559657276
EE,263.6694045463092,0.5584650989607325
EE,175.699695025858,252.8467933729945
EE,251.03648608475442,31.754558879070053
EE,9.492718840710051,3.6453917872907162
EE,284.6813607257651,120.42752465312338
EE,159.30291378018,252.7075668856402
EE,183.55183000483362,138.0483374701052
EE,175.35687817083874,291.1264027292862
EE,308.50999410165616,174.63313422215612
EE,131.92909296117313,68.3128861375002
EE,11.52201524622021,135.58640271233492
EE,299.64797367539575,310.9889375594706
EE,265.5529492160779,93.499943118899
EE,15.84482678612701,94.52546895739992
EE,258.519454720549,279.38254852374575
EE,12.778629161145926,29.098097533035673
EE,300.04017655647186,164.5195538565618
EE,107.77416142009403,61.27657129546294
EE,67.58598855768895,141.1728030055808
EE,306.8158548220317,94.52194665700088
EE,265.20456669670796,272.2067503612775
EE,46.01294107517719,8.679201308489375
EE,179.78485639128797,194.0023395892853
EE,250.924763125257,283.6859800892643
EE,54.10057875961238,175.25363605166893
EE,88.10636733477796,309.2701404018674
EE,230.90848580796037,101.86531511316689
EE,252.06169997891945,180.77960889003418
EE,112.20514144959665,12.200756512080082
EE,210.62340627390907,52.495159051588224
EE,109.64669677480661,13.832255158203811
EE,283.81575464354387,117.9515957644758
EE,258.97881462527334,295.904060369374
EE,168.5664784075605,302.7086557186256
EE,112.15478540606411,74.03838296446412
EE,93.52175319538506,203.27370990039566
EE,121.94072468568109,166.29318562048056
EE,79.06575391142046,301.26056710304687
EE,193.33051679511385,45.836242960014495
EE,63.94559176966163,267.7454570621892
EE,92.37006147354145,170.8837943644873
EE,314.4894576962944,22.397323283507607
EE,114.64206419117927,155.45459394606186
EE,239.43498956498914,49.92373441723603
EE,244.9298601043014,105.41093889115682
EE,137.7417726978547,20.15298561930616
EE,71.34482397762098,73.25945728297016
EE,222.3411786045995,201.87785452541792
EE,251.63131434965106,190.1642896451677
EE,277.53209906466196,288.10813205970504
EE,21.442579253729726,209.87573671731084
EE,13.763185933772132,49.47031407041968
EE,254.2900926740184,296.2982582844084
EE,149.8687211430558,108.06065968170594
EE,150.54026836468316,167.8379789825697
EE,31.079308701645324,169.96027985519734
EE,2.0579701251744926,38.979690769857825
EE,110.18064704805916,115.57878596427703
EE,31.406054880389544,245.59682995729358
GG,83.92248133781429,256.15261791450035
GG,25.885121286613053,51.066313603972354
GG,129.0053345249019,278.3394581021554
GG,212.52764170420892,263.51186522692393
GG,186.8224110780883,205.54751786762193
GG,220.0983193620043,82.69630180895457
GG,13.409468393304158,162.13071787321712
GG,225.72049479867954,88.2838564609107
GG,0.6109597585900817,23.450153522663797
GG,22.976267160946556,65.78980064371675
GG,156.8314615089797,50.72773288018787
GG,210.99503137092026,69.70783931077801
GG,267.6581817052176,243.75422039917154
GG,197.52833060083367,113.77303345678928
GG,95.38644380141812,119.41066094358695
GG,123.10533193322512,301.24927177454776
GG,204.72892792671115,19.07422926612976
GG,49.99655673636094,217.81108640615554
GG,174.7252262821387,100.408225814559
GG,189.5139588857717,173.68861218913332
GG,220.97701265656625,32.83804794197755
GG,6.703441151897412,80.0287335354719
GG,54.016604587321815,287.30543841745765
GG,173.49219021900393,26.439748585627882
GG,263.088855106771,251.50933322359583
GG,177.8856655768313,211.81035695677326
GG,228.43721056592727,235.99805098582627
GG,28.33639129794108,283.2741133591271
GG,104.54148724185362,284.66190511661006
GG,276.48600016873286,15.48168362855869
GG,143.4617555509058,199.57313323635603
GG,115.6117791452653,72.5477540225103
GG,44.817375256980675,250.71274848767644
GG,174.21144805467995,232.8047166792308
GG,274.9620725188528,120.22121254134035
GG,84.61819327720238,40.83512282717301
GG,169.8213066988511,12.806838797516123
GG,12.266410284334796,7.7187611501553235
GG,304.0181917049836,265.89301373357154
GG,300.8519978197231,246.78280323430346
GG,290.10780916412966,286.5517581493875
GG,68.92435709441092,305.257861371675
GG,280.1698435768124,245.8345064922117
GG,99.77896966224144,76.59209802944542
GG,77.19838301563074,302.224832921861
GG,184.50365475209682,197.3798267527102
GG,120.47038494782987,106.72528017383446
GG,291.1942991265222,34.303176938255554
GG,112.4457569497297,95.77672465143085
GG,59.20421337886635,281.2873720089435
GG,165.54236532908226,141.25231295181848
GG,121.65888448743038,248.21812014077864
GG,189.1657103710319,123.37107421590662
GG,261.46502768297506,187.0539396897366
GG,168.3194360428345,262.82160658272255
GG,276.46021670595894,103.50363805920475
GG,98.76146044360051,283.48833567597524
GG,290.59711703064755,235.44445948054803
GG,16.794334224672625,169.80538659538516
GG,50.958506711152694,6.453324335010707
GG,53.20292037172713,284.2017920525075
GG,209.24367582002847,96.25677279197507
GG,239.7699851214807,230.4596954657276
GG,201.23909290671347,235.10825483101934
GG,49.18070624448817,21.574244682736943
GG,151.19380815078182,267.77156174739235
GG,261.69662160857,180.31589765753463
GG,238.07508115996447,29.158419534017938
GG,106.8839844261247,224.3310103870333
GG,215.354764631596,209.74621120692163
GG,198.87405598265275,188.40377484576862
GG,271.23438791434774,100.35206412721925
GG,205.75453647347095,99.12053192942409
GG,163.7537227701206,36.118840493308596
GG,118.23773095510805,135.84951992812842
GG,42.883437265477966,237.87435819083785
GG,185.30580940239477,265.8301004610659
GG,239.63216915421697,1.396402246296002
GG,86.89489788145242,247.62652979194138
GG,115.79795606881962,69.03927874184771
GG,177.9179302257567,24.454112525861927
GG,76.12121586013632,9.589891127827674
GG,26.231015343335095,146.78172151473908
GG,95.2648343819916,248.3951414475899
GG,14.23292723112165,151.29391936468465
GG,70.22319933691543,50.12602492950186
GG,51.790912151004456,261.19731338950123
GG,82.02178010780575,25.422929718713664
GG,279.4941412476969,119.9673846457136
GG,238.72170802925206,44.97341689800795
GG,306.4177486415899,241.15697896297686
GG,156.5744067453597,95.37459659690631
GG,13.72329913483989,263.76546781750216
GG,62.50710899938836,68.12228407064075
GG,202.9502916225814,101.8584649282313
GG,308.00844489098534,91.82503817732018
GG,17.663867719772615,203.13552513093762
GG,156.05683788831345,191.79422224580716
GG,285.1723028979785,67.1966087733652
GG,49.21890579582252,50.69239309604009
HH,7.877650263681041,217.0881713048827
HH,181.71852861795864,154.84807269040724
HH,73.4878606839452,229.71520910258033
HH,217.15064103727275,129.81009274652166
HH,146.58981382193483,176.4881457675178
HH,261.65621071710825,1.0456060317558848
HH,255.9475101189867,171.01312461000856
HH,123.25342527337031,221.81524282824915
HH,299.3670603067307,11.815470546800135
HH,284.0489155901866,285.9587610364158
HH,282.6599628612742,207.40651587837093
HH,215.2644677228969,178.1539496415228
HH,161.25824777015734,96.12043910730654
HH,45.234771824860374,73.32775269760539
HH,85.36679186676609,264.82373117661103
HH,153.25404731479495,55.67469699811826
HH,148.62870416801752,121.88508122579424
HH,230.82411087536684,202.5752541401232
HH,208.09106636697456,48.007142289862145
HH,165.32831562349267,117.84600918253126
HH,137.3531398335134,13.415225305339558
HH,155.56160823862064,73.98393278584727
HH,188.15409957040777,10.723289794774596
HH,37.52387645715445,150.2977720401484
HH,121.90598389700546,230.36634966958417
HH,252.82470564896076,86.94952427038191
HH,145.18299885595525,67.9314382049693
HH,258.19908965319814,25.481262553399674
HH,237.5072730476483,281.46031949473405
HH,64.45133875009765,204.2075541161874
HH,312.34130179075896,303.66673053920374
HH,33.82095261749527,40.791131621752726
HH,235.46621693798386,194.66411525693962
HH,175.64161119050362,31.346974843766922
HH,9.772212144224426,192.9170153935915
HH,4.203599762026702,94.07596224918808
HH,291.87727637831296,156.72026281195957
HH,215.66734507118014,109.72274200476289
HH,27.01017241177951,165.09426747371904
HH,121.44856910920177,193.25122427872617
HH,268.11243177670235,91.05438299535044
HH,136.5375690199682,244.12451697417399
HH,143.46091079842898,57.9462662872144
HH,104.59250710134583,288.1973818457945
HH,176.63173583280314,132.58241360060083
HH,92.00602801632847,304.6218569590729
HH,280.2074940009726,311.92615636775815
HH,4.020328585921373,250.74038678406174
HH,252.78228459578787,237.54863290854678
HH,259.8392737333418,136.01495556749646
HH,99.14283903265465,15.50540648253978
HH,224.7463927107671,191.38489658178543
HH,15.71519755312321,211.30462572192945
HH,159.7097567735418,276.5205830058599
HH,15.285918643946163,17.305008410599186
HH,290.86741240557035,82.01887690126094
HH,186.72069847900195,224.61260967770048
HH,168.51944246187142,3.5496013175192065
HH,285.38147654078796,19.740385637804266
HH,47.87232038043739,205.65189609657125
HH,235.42553477572022,218.35598826961117
HH,206.56880938217745,229.08794980898205
HH,127.43671787407686,53.44813187346918
HH,224.57890643273453,196.81902384469618
HH,50.50459810767216,146.98141395151623
HH,284.1737656733556,187.41617626598878
HH,184.42599409391568,233.63073870261553
HH,166.28366323049374,263.3305008382537
HH,16.98633131727678,25.298203069691436
HH,218.68859587503556,228.97140990793392
HH,81.42697442211382,163.82235066005495
HH,170.51984910435698,31.710161845883807
HH,8.714189893315023,257.0140006154284
HH,296.2579008978502,19.47082423549217
HH,89.7527119740628,273.9967315720713
HH,127.20216512629933,72.5478468791857
HH,241.89450710954915,293.97081356760845
HH,99.48018920928526,311.1205074503393
HH,34.3717880021568,212.23025400861013
HH,89.69712123672048,5.046772404021064
